PacketCounter,SampleTimeFine,Euler_X,Euler_Y,Euler_Z,Acc_X,Acc_Y,Acc_Z,Gyr_X,Gyr_Y,Gyr_Z,
0,1255215543,-21.08792114,71.67870331,-150.5190735,0,0,0,0,0,0, 
1,1255232210,-20.79482841,71.60582733,-150.5122375,-8.874123573,-0.679626524,2.768367767,12.2638092,-0.726018727,-17.09636307, 
2,1255248877,-20.55508614,71.5859375,-150.4171753,-8.873473167,-0.6139732,2.761705875,5.177547455,0.610038102,-22.47760963, 
3,1255265544,-20.6653862,71.59397125,-150.5550232,-8.834931374,-0.518205583,2.797576189,-1.303010821,2.630488157,-26.36458778, 
4,1255282211,-20.99964523,71.61161804,-150.8444824,-8.921975136,-0.508252025,2.836314678,-4.977266312,4.914534569,-28.2348175, 
5,1255298878,-21.6331234,71.62220764,-151.3417816,-8.999269485,-0.533705711,2.816626549,-9.409168243,6.516964436,-30.41497612, 
6,1255315545,-22.58507347,71.62055969,-152.1087189,-9.107514381,-0.613553643,2.853754997,-13.16219521,7.450582981,-32.92959213, 
7,1255332212,-23.71978951,71.60500336,-153.0272827,-9.238413811,-0.62760812,2.94905591,-14.73860455,8.055751801,-33.52262878, 
8,1255348879,-24.88030243,71.57000732,-153.9749298,-9.315173149,-0.664987206,3.0244174,-14.92427063,7.976594448,-32.75324249, 
9,1255365546,-26.11391258,71.50624847,-155.0048676,-9.2879076,-0.784249663,2.952279091,-14.83854866,8.038732529,-33.56637955, 
10,1255382213,-27.42165565,71.42072296,-156.1270142,-9.356492043,-0.918024421,2.915961504,-13.79258537,8.166682243,-34.29207993, 
11,1255398880,-28.74539185,71.32423401,-157.3189087,-9.4090662,-1.100381374,2.840000868,-10.71239662,8.521111488,-34.33106995, 
12,1255415547,-30.03307915,71.22402954,-158.5379486,-9.492028236,-1.15633142,2.849095583,-6.265688419,8.807599068,-33.55548477, 
13,1255432214,-31.19124031,71.12252808,-159.6772461,-9.486642838,-0.968567908,2.856375217,-3.17517972,8.165710449,-31.12325668, 
14,1255448881,-32.21412277,71.02703094,-160.682312,-9.41118145,-0.917464077,2.895764828,-3.035434484,7.366996765,-28.44338799, 
15,1255465548,-33.11739349,70.94522095,-161.5365906,-9.480053902,-0.881772876,2.954768896,-4.74574995,6.855350971,-25.41077805, 
16,1255482215,-33.82988358,70.88626862,-162.1495667,-9.541958809,-0.924830616,3.002420664,-7.141423225,5.771659374,-20.74203491, 
17,1255498882,-34.39470291,70.84513092,-162.5746918,-9.502543449,-1.105391979,2.984278202,-9.163635254,4.857295036,-16.99242401, 
18,1255515549,-34.7960968,70.82949829,-162.8335114,-9.367800713,-1.191296339,2.918233156,-8.702422142,4.444236279,-13.08897209, 
19,1255532216,-35.07554626,70.84547424,-162.9782104,-9.209679604,-1.22127378,2.819494486,-7.831151009,4.763830185,-9.690363884, 
20,1255548883,-35.28899765,70.89295959,-163.0655365,-9.26220417,-1.314773321,2.725590706,-7.514744282,5.524539948,-7.074409962, 
21,1255565550,-35.48737335,70.95230103,-163.125061,-9.39744091,-1.413037419,2.58670783,-7.886652946,5.665538311,-5.774578094, 
22,1255582217,-35.71442795,71.01344299,-163.1858978,-9.388744354,-1.416482091,2.433223248,-9.08986187,5.532787323,-5.317493439, 
23,1255598884,-35.9834671,71.07161713,-163.2875824,-9.218002319,-1.494612098,2.343254328,-9.281176567,5.46445322,-5.59744072, 
24,1255615551,-36.29836273,71.12689209,-163.4649048,-9.025524139,-1.503804088,2.305296421,-7.856276512,5.828038216,-6.341950893, 
25,1255632218,-36.63597488,71.17345428,-163.6642456,-8.9522295,-1.287770629,2.270295382,-7.785599709,5.452069759,-6.563898087, 
26,1255648885,-37.05270386,71.20973206,-163.8948059,-8.910707474,-1.106283188,2.290467501,-10.79930687,5.126737595,-7.147612572, 
27,1255665552,-37.59923172,71.21814728,-164.1628418,-9.00732708,-1.08169651,2.307413578,-16.69700241,4.097057343,-8.559019089, 
28,1255682219,-38.25125885,71.19083405,-164.4540405,-9.202269554,-1.194890857,2.27965188,-21.83006859,2.625749111,-10.1281147, 
29,1255698886,-38.97612762,71.12760925,-164.7857513,-9.394330978,-1.262881279,2.348522425,-24.1925087,1.357649326,-11.91124058, 
30,1255715553,-39.66602707,71.04691315,-165.0995941,-9.581329346,-1.164235592,2.463665247,-23.15720177,0.367011666,-12.23443508, 
31,1255732220,-40.20521164,70.96898651,-165.2908783,-9.717392921,-1.043125033,2.545585871,-21.13287735,-0.951641858,-10.31175804, 
32,1255748887,-40.52998734,70.90332031,-165.2979279,-9.74269104,-1.159273505,2.602757215,-19.25195503,-2.765112877,-7.063429832, 
33,1255765554,-40.59782028,70.86638641,-165.0898438,-9.820854187,-1.325475097,2.635091305,-16.10666275,-4.165448666,-2.759373665, 
34,1255782221,-40.32836914,70.87465668,-164.6202087,-9.872433662,-1.486603379,2.605512381,-10.88732338,-5.440101624,3.016172171, 
35,1255798888,-39.67918777,70.92938995,-163.8585968,-9.874031067,-1.623863697,2.561533451,-4.391722679,-6.858892918,9.26415062, 
36,1255815555,-38.67533875,71.02283478,-162.8199158,-9.79417038,-1.679305315,2.435746193,1.167344809,-8.275240898,15.14737225, 
37,1255832222,-37.42644501,71.13986969,-161.5567322,-9.682277679,-1.831301093,2.283406258,3.350076437,-9.427256584,19.65953064, 
38,1255848889,-36.027771,71.26811981,-160.1629639,-9.642106056,-2.050971508,2.101383924,4.500654221,-9.954986572,22.53554344, 
39,1255865556,-34.5727272,71.39518738,-158.7325287,-9.6283741,-2.301100969,1.96160686,5.935545444,-9.801222801,23.44325066, 
40,1255882223,-33.13428879,71.50991058,-157.348114,-9.556369781,-2.436258793,1.849617481,7.864506245,-9.291975975,22.69682884, 
41,1255898890,-31.78365707,71.61076355,-156.0760193,-9.431333542,-2.479624748,1.765345454,9.383047104,-8.282741547,20.8431263, 
42,1255915557,-30.54567528,71.70330811,-154.9376984,-9.254405022,-2.508145809,1.649252295,10.29077244,-7.011539936,18.88729286, 
43,1255932224,-29.48124123,71.79468536,-153.9828186,-9.15892601,-2.478940248,1.626651049,10.52812099,-5.047655106,16.24649811, 
44,1255948891,-28.60092163,71.88860321,-153.2048798,-9.090911865,-2.409852743,1.626876354,9.692860603,-3.125815392,13.75895596, 
45,1255965558,-27.9648056,71.98582458,-152.6511078,-9.108563423,-2.377356768,1.689242601,7.857384682,-0.897251785,10.46712971, 
46,1255982225,-27.56300926,72.08460236,-152.298584,-9.149327278,-2.278923035,1.825347424,5.529828548,0.95254308,7.393818855, 
47,1255998892,-27.445858,72.17799377,-152.1846008,-9.151376724,-2.220567226,1.913936615,2.145351887,2.670591593,3.542114973, 
48,1256015559,-27.55694008,72.26829529,-152.2534485,-9.226408958,-2.046863079,2.05485487,-1.173676252,3.987545252,0.718109608, 
49,1256032226,-27.87311554,72.3526535,-152.4616394,-9.211568832,-1.861409664,2.149399042,-5.433505535,4.834763527,-1.534982324, 
50,1256048893,-28.31002808,72.43267059,-152.7253876,-9.283227921,-1.660060406,2.319944859,-9.644439697,5.062294006,-2.343946934, 
51,1256065560,-28.85070992,72.50284576,-153.0328979,-9.2971735,-1.570350528,2.435545683,-13.3080349,4.979503155,-3.216060877, 
52,1256082227,-29.421381,72.56464386,-153.3360901,-9.296604156,-1.477792859,2.60724926,-15.59887886,4.545176506,-3.225819826, 
53,1256098894,-29.97825432,72.61405945,-153.6107178,-9.250766754,-1.497730613,2.720008373,-16.30639458,3.775514364,-3.105273962, 
54,1256115561,-30.47877312,72.65383148,-153.8569031,-9.245512009,-1.532763124,2.839811802,-14.66832638,3.129957199,-2.873657465, 
55,1256132228,-30.9032383,72.68140411,-154.0940399,-9.268593788,-1.614396214,2.883728027,-10.75097275,2.542900324,-3.029881001, 
56,1256148895,-31.21935081,72.6947937,-154.3162842,-9.261181831,-1.613652825,2.928193331,-5.097337246,1.816497803,-3.206607819, 
57,1256165562,-31.40403175,72.69416809,-154.4978485,-9.207645416,-1.49127233,2.925243378,0.31161052,0.831292212,-2.963479042, 
58,1256182229,-31.438097,72.68370056,-154.596344,-9.124627113,-1.355243325,2.916049957,4.593119621,-0.315945476,-2.012210608, 
59,1256198896,-31.34770393,72.66893005,-154.6106567,-9.119188309,-1.284361601,2.869709015,7.175545692,-1.22486341,-0.882805824, 
60,1256215563,-31.17024231,72.65319061,-154.5582428,-9.227641106,-1.263197899,2.825106144,8.561052322,-1.797294497,0.076140165, 
61,1256232230,-30.93907738,72.63051605,-154.4636536,-9.331486702,-1.27811873,2.82088089,9.375742912,-2.465914488,0.469474494, 
62,1256248897,-30.68809128,72.60142517,-154.3464966,-9.28958416,-1.245267153,2.796091557,9.420640945,-2.909283161,0.55423969, 
63,1256265564,-30.47948074,72.56864166,-154.2578583,-9.183558464,-1.254084826,2.732274294,8.364795685,-2.8012743,0.016616242, 
64,1256282231,-30.31241417,72.53718567,-154.1965485,-9.192109108,-1.180521369,2.694669962,7.408737183,-2.442004681,-0.38196224, 
65,1256298898,-30.18563271,72.50734711,-154.154129,-9.24239254,-1.113642097,2.64490366,6.137040615,-2.134882927,-0.672051728, 
66,1256315565,-30.11180496,72.47467041,-154.1305084,-9.231343269,-1.112011909,2.62864089,4.10533905,-2.075230837,-1.112820864, 
67,1256332232,-30.08481598,72.44297791,-154.1178589,-9.212422371,-1.079863667,2.604550838,1.888033628,-1.903843164,-1.282773614, 
68,1256348899,-30.08742332,72.41827393,-154.1039124,-9.211267471,-1.043241024,2.560447454,0.011801049,-1.536877036,-1.086810708, 
69,1256365566,-30.09876633,72.40513611,-154.0887756,-9.299034119,-1.107560277,2.502231121,-0.679440856,-0.948297381,-0.738286018, 
70,1256382233,-30.10222435,72.39842224,-154.0773773,-9.390885353,-1.21090579,2.502262354,-0.057782255,-0.588541508,-0.622350216, 
71,1256398900,-30.09753227,72.39513397,-154.0873413,-9.302830696,-1.290979981,2.453446627,1.721077323,-0.207193926,-0.897968411, 
72,1256415567,-30.08960724,72.40621948,-154.1413116,-9.246713638,-1.319894075,2.408802748,4.391343117,0.925444663,-1.158987641, 
73,1256432234,-30.11268234,72.4245224,-154.2698212,-9.324363708,-1.397663951,2.341113091,6.919559956,1.994262695,-2.147458792, 
74,1256448901,-30.17132187,72.44059753,-154.4753265,-9.443282127,-1.439763069,2.338146448,9.152079582,2.555002213,-3.404530764, 
75,1256465568,-30.29520226,72.4573288,-154.7835541,-9.490115166,-1.448429108,2.250044346,11.28996181,3.537275791,-5.024253845, 
76,1256482235,-30.49528503,72.48600006,-155.2036896,-9.634625435,-1.418675423,2.145313501,12.99171448,5.137009144,-6.348932266, 
77,1256498902,-30.80602074,72.52127075,-155.7487335,-9.786496162,-1.380609155,2.083408833,13.58581543,6.616221428,-8.072683334, 
78,1256515569,-31.23818398,72.56394958,-156.4048767,-9.916755676,-1.301302552,2.047048092,12.66843224,8.016546249,-9.501527786, 
79,1256532236,-31.79663849,72.62039185,-157.1556702,-10.01613617,-1.212618232,1.946704388,10.7240181,9.6512537,-10.4893074, 
80,1256548903,-32.4652977,72.69393158,-157.9865417,-9.995007515,-1.255111337,1.845424294,8.731513977,11.30584812,-11.03891945, 
81,1256565570,-33.19884491,72.79146576,-158.8792114,-9.786570549,-1.278197408,1.787450671,8.475886345,13.1489687,-11.02158165, 
82,1256582237,-33.98712921,72.92189789,-159.8157654,-9.520105362,-1.181063294,1.705340385,8.065353394,15.30067062,-10.40874577, 
83,1256598904,-34.86776352,73.08874512,-160.8171844,-9.389989853,-1.127860308,1.500899076,6.3422966,17.76057053,-9.801150322, 
84,1256615571,-35.84962082,73.2963562,-161.9099274,-9.472895622,-1.210685253,1.246808171,5.457058907,20.62117767,-9.223023415, 
85,1256632238,-36.92323303,73.53803253,-163.1170654,-9.515264511,-1.357436776,1.037452102,6.689470768,23.3687439,-9.040383339, 
86,1256648905,-38.11993408,73.79805756,-164.4768677,-9.39229393,-1.429234982,1.033370852,8.315950394,25.70884323,-9.727770805, 
87,1256665572,-39.49534225,74.070961,-166.0307922,-9.138472557,-1.306214452,0.982603431,8.625867844,28.15903664,-10.81438541, 
88,1256682239,-41.20139313,74.35248566,-167.8858032,-9.184446335,-1.072401047,0.761722744,6.462681293,31.67104149,-13.15064049, 
89,1256698906,-43.25941849,74.63008881,-170.0336609,-9.499026299,-0.873930871,0.715389013,2.111835003,34.54578781,-15.28577232, 
90,1256715573,-45.64520645,74.87062836,-172.4055939,-9.590433121,-0.795504391,0.936178386,-4.424554348,35.49085236,-17.63266182, 
91,1256732240,-48.18209839,75.08086395,-174.856308,-9.454922676,-0.755088687,1.32378757,-8.726270676,35.39120102,-17.91464806, 
92,1256748907,-50.75721359,75.27112579,-177.3562927,-9.217079163,-0.711274385,1.62642324,-7.956913471,35.53979492,-17.42640686, 
93,1256765574,-53.32333374,75.45581818,-179.9055481,-9.046947479,-0.499890208,1.79616642,-4.452177525,36.26833725,-16.27261925, 
94,1256782241,-55.91822815,75.6322937,177.5075531,-9.026164055,-0.160847843,2.110927105,-3.879103422,36.76162338,-15.11333084, 
95,1256798908,-58.28824234,75.79415894,175.1831512,-9.151039124,0.07858634,2.966527939,-5.545469284,33.30166245,-11.96565533, 
96,1256815575,-60.17331696,75.93896484,173.3343353,-9.111748695,0.228338048,3.69084096,-5.310250759,26.73942375,-7.798120975, 
97,1256832242,-61.52534103,76.07924652,172.033493,-8.826469421,0.613578975,4.165984154,-5.220797539,19.81920433,-3.398694754, 
98,1256848909,-62.30535507,76.21031189,171.4253998,-8.742866516,1.406816244,4.821878433,-11.28285122,10.90829849,1.093759179, 
99,1256865576,-62.58016968,76.3336792,171.6429291,-9.101665497,2.331378937,5.717717648,-29.16759872,0.487110198,6.029599667, 
100,1256882243,-62.2269783,76.44512939,172.9699097,-10.00885296,2.924241066,6.67016077,-56.3140831,-13.30958557,12.34028053, 
101,1256898910,-60.91008377,76.5100708,175.7091675,-11.27161884,2.984164238,7.494795322,-81.05757141,-31.27372169,19.11910248, 
102,1256915577,-58.42181015,76.50602722,179.9122925,-12.12207222,2.697124004,7.905621529,-96.37000275,-49.70008469,26.56754494, 
103,1256932244,-54.58372879,76.42253876,-174.4263153,-12.15124798,2.448981762,7.965778351,-100.5901337,-67.2868042,36.47174835, 
104,1256948911,-49.38560867,76.23487091,-167.3683167,-11.8398962,2.478872776,7.777820587,-100.4101105,-83.43314362,49.30172729, 
105,1256965578,-42.63008118,75.89704132,-158.749649,-11.97962475,2.894281626,7.637276649,-99.15890503,-101.0158691,68.48545074, 
106,1256982245,-34.32957077,75.24471283,-148.6394958,-12.74009228,2.444658518,7.776683807,-92.99585724,-121.5341873,90.54307556, 
107,1256998912,-25.21397972,74.12285614,-137.9271545,-13.61074162,1.989155412,7.234151363,-77.15181732,-138.9859772,110.5524597, 
108,1257015579,-16.17558289,72.44202423,-127.5698471,-14.30986023,1.904089451,6.251630783,-57.49528885,-153.2891083,128.286087, 
109,1257032246,-7.88294363,70.23715973,-118.3018112,-14.99091434,1.640040755,5.326798916,-33.90832138,-161.9389038,143.1697235, 
110,1257048913,-0.580315709,67.61579895,-110.2569885,-15.66629887,1.961890459,4.649232864,-14.00219059,-164.9450378,157.1961975, 
111,1257065580,5.892470837,64.65583038,-103.1512451,-16.24422073,2.987075329,4.106440067,-3.294892311,-164.8486938,176.1981201, 
112,1257082247,11.67491436,61.39386749,-96.68861389,-16.48121071,3.898440838,3.412699223,-0.422029048,-162.2246246,199.3146973, 
113,1257098914,16.74858284,57.8495636,-90.7337265,-16.68012619,4.246371746,2.813345432,-5.650905132,-157.7703705,222.9148407, 
114,1257115581,21.16573715,53.98852921,-85.15410614,-17.25206566,4.538367271,2.764909029,-14.12554646,-154.5137482,248.2428131, 
115,1257132248,25.0224247,49.79179382,-79.8766098,-17.7339077,4.679570675,2.568261623,-19.67298508,-151.7548218,274.187439, 
116,1257148915,28.44399261,45.27026367,-74.92139435,-17.4090538,4.009967804,2.480795622,-16.00188255,-149.2627258,297.1601563, 
117,1257165582,31.64863396,40.51477051,-70.30981445,-16.62668419,3.473418951,2.308211803,1.933029413,-143.2836914,314.4752197, 
118,1257182249,34.77202225,35.60266876,-66.05409241,-15.68228912,2.961129189,2.226223946,27.94772339,-134.8117828,326.1605225, 
119,1257198916,37.7201767,30.61978912,-62.20616531,-14.15900993,2.704989195,2.319188118,48.72288132,-125.6680679,329.7122803, 
120,1257215583,40.39863968,25.63816071,-58.73158264,-12.51551151,3.024226189,2.206589222,60.38755417,-115.6184387,328.5742188, 
121,1257232250,42.63152313,20.76691818,-55.59051514,-10.86978054,3.430058002,2.100470781,57.69018173,-103.8265305,321.3793945, 
122,1257248917,44.26836777,16.09475708,-52.7377739,-9.25741291,3.687531948,1.866616726,42.04341888,-91.95919037,309.075531, 
123,1257265584,45.34508514,11.67779446,-50.11599731,-7.816748619,3.584115028,1.844449639,24.75288391,-80.78912354,293.9168396, 
124,1257282251,45.91613388,7.549988747,-47.71736145,-6.315975189,2.880537987,2.316669703,8.085079193,-72.3266983,275.4499207, 
125,1257298918,46.06108856,3.745718002,-45.51756287,-5.038196564,2.469781876,2.670043468,-6.42897892,-64.82536316,254.9241028, 
126,1257315585,45.84014511,0.310194522,-43.41939545,-3.826206446,2.434433222,2.380149126,-19.8080864,-53.67490005,235.3941956, 
127,1257332252,45.28845215,-2.751748323,-41.4013443,-2.766310692,1.84497726,2.666324854,-32.59347534,-43.01768112,215.901825, 
128,1257348919,44.6108551,-5.42675209,-39.5322113,-1.927027822,0.807476997,3.512421608,-34.66921234,-35.42528915,192.6772003, 
129,1257365586,44.12879944,-7.764122009,-37.81846237,-1.373701453,0.456469208,4.270155907,-18.98447227,-29.69979095,171.3047485, 
130,1257382253,44.06279373,-9.710665703,-36.17214584,-0.69169718,0.510859787,4.086885452,9.356167793,-16.82139206,151.6807556, 
131,1257398920,44.42488861,-11.25106812,-34.60076523,-0.214320317,0.778778851,4.574792862,37.35387421,-2.397973537,131.2346649, 
132,1257415587,45.17629242,-12.42747784,-33.14621735,0.340571463,1.812144041,4.793260098,61.64261627,9.249866486,110.7022018, 
133,1257432254,46.20843887,-13.31356144,-31.78516769,0.535018623,2.388042688,5.260408878,78.90813446,19.00783157,94.02461243, 
134,1257448921,47.59372711,-13.9783802,-30.5653019,0.352377385,2.970512629,6.108323574,99.30823517,23.87914848,78.11062622, 
135,1257465588,49.22509766,-14.48889732,-29.46617126,0.11990194,4.663901806,6.429268837,113.1716232,26.68027687,65.76669312, 
136,1257482255,50.67864227,-14.88321495,-28.53107452,0.28304565,5.997964382,6.276844025,100.620697,25.51161575,53.53601074, 
137,1257498922,51.67169952,-15.20592594,-27.79918098,0.572697878,6.953451157,6.012260437,70.23085785,20.06480217,42.26934433, 
138,1257515589,52.29222107,-15.4840889,-27.21567345,1.129484057,6.999148369,5.44896841,45.77532578,15.46029854,34.63180923, 
139,1257532256,52.82992554,-15.70083427,-26.75324249,1.522425175,6.547973633,5.168566704,39.01042938,12.44545746,27.32474327, 
140,1257548923,53.4521637,-15.83108425,-26.33583069,1.740535855,6.468835831,4.712236404,43.44858932,13.73477745,21.49869728, 
141,1257565590,53.89416122,-15.82659721,-25.97776031,1.314269304,7.134486198,4.216224194,31.69636154,15.96385956,12.83670139, 
142,1257582257,53.24995041,-15.58099651,-25.80016136,0.778088331,7.118797779,3.309422255,-36.48075485,16.13801384,-4.905519009, 
143,1257598924,52.02890396,-15.22010136,-25.59594917,0.600895941,5.632213593,2.285649061,-70.787117,21.61056519,-9.119344711, 
144,1257615591,50.48490143,-14.46205616,-25.3986702,0.862242937,4.186554432,2.744572163,-90.45056152,36.41068649,-27.35461044, 
145,1257632258,48.85765076,-13.4452219,-25.2819519,1.478359222,3.750647783,4.435661793,-96.79814911,43.63070679,-41.16914368, 
146,1257648925,48.13180542,-12.49656582,-25.18654442,2.9117136,2.716748714,7.472382545,-43.05622864,40.83516693,-38.03742218, 
147,1257665592,48.65337753,-11.46131325,-25.11339378,4.08686924,4.50604248,9.038537025,31.62034798,43.44211578,-42.82885361, 
148,1257682259,49.93267059,-10.56161976,-25.00300598,3.451926231,8.315698624,10.25467682,77.63549805,39.2248764,-36.06660461, 
149,1257698926,51.29735565,-9.983240128,-24.8944149,3.955876112,10.61912727,10.94192123,82.78027344,26.13720512,-22.20725441, 
150,1257715593,52.28702164,-9.723618507,-24.91596603,5.003902912,11.57476521,11.615201,58.98748779,7.870872974,-12.5581913, 
151,1257732260,52.65535736,-9.781917572,-25.11487961,5.319524765,11.3259201,11.93907642,20.01385307,-12.13095951,-4.057424545, 
152,1257748927,52.40304947,-10.1014185,-25.47014427,4.782075882,10.71919727,11.65677071,-18.75333214,-28.90797615,2.610072613, 
153,1257765594,51.63333511,-10.56890106,-25.93299103,4.13823843,10.02667618,11.00893402,-50.96254349,-39.30835342,5.316954136, 
154,1257782261,50.41396332,-11.10023403,-26.43704414,3.592673779,9.356549263,10.12747669,-78.52159119,-43.60780334,6.007565975, 
155,1257798928,48.94810867,-11.65646458,-26.96694946,3.08611393,7.69449091,9.820599556,-93.80764008,-45.78850174,5.100862503, 
156,1257815595,47.71381378,-12.1522646,-27.53835869,2.766205549,5.627513409,9.615446091,-80.60127258,-45.23635864,-0.331022114, 
157,1257832262,46.90721893,-12.49948502,-28.22212601,2.390322447,4.50349617,9.112312317,-56.47753143,-43.94860458,-12.1863842, 
158,1257848929,46.55916595,-12.64809322,-29.12244225,2.222190142,2.928696156,8.009076118,-31.81212234,-44.82512665,-30.03412437, 
159,1257865596,46.69531631,-12.44606781,-30.27893257,1.901154041,1.924881697,6.809789181,-5.920047283,-41.179039,-55.79375458, 
160,1257882263,47.08259583,-11.92791939,-31.73698044,1.072847009,1.644634604,6.239146709,5.893939018,-41.38147354,-81.67658997, 
161,1257898930,47.71641922,-11.11273575,-33.55111313,0.639866173,0.397314191,5.840166569,17.53960991,-45.54572678,-108.7752609, 
162,1257915597,48.8148613,-9.953377724,-35.71283722,0.342339635,-0.554685473,5.603196621,43.5858345,-48.92821884,-137.4107513, 
163,1257932264,50.34856033,-8.39662838,-38.18994904,0.019510638,-0.201061562,4.869499683,69.86090851,-51.1321106,-166.8968658, 
164,1257948931,52.14742279,-6.422019482,-40.89786911,-0.720336795,0.517316282,3.806783199,88.62831116,-51.37879944,-193.923233, 
165,1257965598,54.10557556,-4.046002388,-43.81212997,-1.349178314,0.929704905,3.590927839,103.2372208,-53.54872513,-219.1834717, 
166,1257982265,56.32705688,-1.241026282,-46.85518265,-2.311928272,2.122007608,3.944600821,126.5966034,-53.49477386,-242.8843384, 
167,1257998932,58.64556122,1.860630035,-49.96493912,-3.991811752,5.891011715,4.0046134,141.867569,-56.92704391,-257.7339478, 
168,1258015599,60.66763306,4.82005024,-52.93774796,-6.572732925,13.78065109,2.76936388,133.4509735,-63.53010559,-243.536377, 
169,1258032266,61.88279343,6.8024683,-55.72070694,-10.19530296,20.11530304,5.831147194,91.39209747,-88.11344147,-184.220932, 
170,1258048933,62.48268127,7.325070381,-58.36062622,-12.77806759,22.15720367,9.378171921,56.9282608,-124.1265488,-100.7920609, 
171,1258065600,63.14886856,6.568187237,-60.77711487,-10.9933157,21.49159622,6.826515198,58.97580719,-148.6656189,-24.60205841, 
172,1258082267,64.68951416,4.800792217,-62.60253525,-6.747612953,22.13365173,4.450618267,104.7127762,-144.5765991,48.44857407, 
173,1258098934,66.85337067,2.03065443,-63.85137558,-2.532170057,22.50335884,3.695521355,135.568573,-136.6172485,122.1516266, 
174,1258115601,69.03187561,-1.460015535,-64.72797394,0.301210463,22.1674118,2.784191847,132.052063,-127.6695251,175.6267853, 
175,1258132268,70.82468414,-5.677677155,-65.42222595,0.364425987,20.57299042,2.082311153,105.8434525,-126.2148056,224.5956726, 
176,1258148935,72.24785614,-10.51701832,-65.99948883,-0.46446529,17.46596718,1.518065572,81.20333099,-124.8561325,265.7206726, 
177,1258165602,73.39756012,-15.75960445,-66.49008179,-0.612456501,15.31585693,0.901867211,62.86627579,-120.7229233,293.3372803, 
178,1258182269,74.18066406,-21.40100098,-66.90109253,-1.193249702,14.97374439,0.566720009,39.62042618,-117.4484406,319.9572144, 
179,1258198936,74.37031555,-27.32025719,-67.3571701,-1.317095757,12.27595997,0.311258912,0.541466355,-120.8475189,336.8356323, 
180,1258215603,74.07197571,-33.34412766,-67.8053894,-0.439615458,9.128778458,0.036591236,-31.04459953,-121.3312759,343.5168762, 
181,1258232270,73.60881805,-39.29049301,-68.24666595,0.950095654,5.433727264,0.615409672,-43.05237579,-120.6056824,338.9741211, 
182,1258248937,73.45336151,-45.16101837,-68.62962341,1.29787004,4.836176872,0.933515072,-24.36721992,-117.0719452,335.2634888, 
183,1258265604,73.4920578,-51.02774811,-68.92517853,0.746124268,5.209281445,0.442584187,-10.4737072,-112.4618225,336.4758606, 
184,1258282271,73.36930847,-56.80376053,-69.16147614,0.547855616,3.103438139,0.058105573,-18.41384125,-107.8882141,332.2986145, 
185,1258298938,73.13523865,-62.22760773,-69.40003967,0.978908658,0.259130269,-0.181711644,-25.97958946,-101.8465424,312.1118164, 
186,1258315605,72.97569275,-67.34909821,-69.56999207,1.213837385,-0.43024376,-0.110595725,-18.42260933,-94.85850525,295.1957397, 
187,1258332272,72.90021515,-72.28172302,-69.56757355,0.87496078,0.239371747,-0.054211631,-4.039284706,-87.93656158,285.3722534, 
188,1258348939,72.76662445,-76.8666687,-69.49571991,1.474219322,-0.623714149,-0.298546255,-3.523389578,-81.26036835,265.5644836, 
189,1258365606,71.95953369,-80.98962402,-68.75047302,2.034837484,-1.400728822,-1.027192235,-4.210612297,-67.91257477,240.6438446, 
190,1258382273,68.38574982,-84.72232819,-65.08410645,2.120800734,-1.997798324,-2.283347845,4.21993351,-51.27899933,222.0302277, 
191,1258398940,49.91307831,-87.98899841,-46.17172241,2.121203184,-1.5082829,-2.743175745,24.76587677,-38.44645691,204.818985, 
192,1258415607,-63.99414825,-88.2246933,68.30902863,3.756723881,-0.463786244,-1.840871453,32.84291077,-31.82756805,190.5888214, 
193,1258432274,-83.96836853,-85.5249939,88.68465424,7.312883854,-1.175432444,-1.792061448,22.7307682,-20.46527481,173.3588715, 
194,1258448941,-85.57450867,-82.94706726,90.57635498,9.094735146,-3.955530882,-0.60975945,16.65228844,2.112541437,156.8052521, 
195,1258465608,-86.0467453,-80.95760345,90.85529327,11.13218784,-7.116867065,1.841682673,-11.70727921,5.818964481,120.8028259, 
196,1258482275,-87.78869629,-79.74640656,91.82762909,13.1499424,-10.29019547,3.786139488,-46.9445343,-6.429733276,74.39601898, 
197,1258498942,-89.94223022,-79.09512329,93.18410492,12.80935764,-13.24950695,4.222474575,-49.13345718,-14.79131985,40.30820465, 
198,1258515609,-92.80523682,-79.27483368,95.62771606,12.00333786,-11.6249876,3.949050188,-27.66552353,-27.8885479,-10.97579193, 
199,1258532276,-96.43507385,-79.86273193,99.22097778,12.76094532,-7.878741741,2.807575226,-5.627755642,-36.72955322,-38.2259903, 
200,1258548943,-100.0046768,-80.46294403,103.0930023,12.90112495,-4.116028309,0.99754411,14.87593555,-34.8284111,-41.45467377, 
201,1258565610,-103.1470871,-80.98594666,106.4487534,12.24854755,-0.275932699,-1.147962809,10.32254124,-26.20205498,-37.4747467, 
202,1258582277,-105.6964264,-81.27469635,108.907692,11.63295555,1.411067963,-2.390803337,-7.033679485,-18.40821266,-22.59727097, 
203,1258598944,-107.3430481,-81.32300568,110.2071686,11.61133003,1.294436455,-2.911282778,-21.57350731,-11.1368885,-6.169268131, 
204,1258615611,-107.5111313,-81.18097687,110.0433578,10.97058964,-0.036262624,-2.349215508,-19.65492058,-1.726158023,8.65119648, 
205,1258632278,-106.7757187,-81.02066803,109.1211243,10.20363045,-1.301493526,-1.287983894,-10.40756226,4.792043686,11.84126663, 
206,1258648945,-105.7564621,-80.89076996,107.988678,9.607435226,-2.180665493,-0.44651565,-5.818274021,7.547125816,10.60218525, 
207,1258665612,-104.780159,-80.87374115,106.9744415,9.368252754,-3.111687899,-0.060360968,-1.382023215,8.5266819,3.614996672, 
208,1258682279,-104.1830292,-81.05196381,106.4226837,9.030423164,-3.596571684,0.462447286,3.255215883,7.22006321,-9.0378685, 
209,1258698946,-104.2190018,-81.48149872,106.4570618,9.012969971,-3.924930573,0.548778474,0.003528157,5.534615993,-25.13351822, 
210,1258715613,-105.2919464,-82.24189758,107.4245987,9.152970314,-4.75940609,0.579905689,-6.786361217,3.197309017,-46.37821579, 
211,1258732280,-107.8319092,-83.43019104,109.8199005,9.306434631,-5.35050106,0.515764058,-9.666877747,2.696890593,-73.76448822, 
212,1258748947,-113.2324219,-85.1164093,114.9933701,9.625326157,-5.751051903,0.140133113,-15.01225567,6.043727875,-106.0052032, 
213,1258765614,-128.80513,-87.27272034,130.190094,9.708903313,-5.780125141,-0.008152558,-24.26464844,14.02608395,-141.698349, 
214,1258782281,146.7628326,-88.52170563,-146.0042725,9.448027611,-4.968800068,-0.284877926,-39.56119156,28.52988052,-176.0843353, 
215,1258798948,95.35502625,-85.6917038,-95.59140778,8.65982914,-3.985367298,-0.266147643,-62.14202499,47.20819092,-208.9919434, 
216,1258815615,84.15969086,-81.73478699,-85.79489136,7.308091164,-3.006645441,0.822009921,-86.96473694,65.2276001,-237.5813904, 
217,1258832282,78.5348587,-77.22039032,-81.97761536,6.224222183,-2.243654013,1.236186862,-111.9549332,82.07699585,-262.7745361, 
218,1258848949,74.32212067,-72.21466064,-79.51252747,5.248279572,-1.827029347,1.486890554,-109.7430038,108.4252701,-284.2874756, 
219,1258865616,70.75033569,-66.8631134,-77.39848328,4.247404575,-0.054792449,1.217263579,-95.08384705,138.7687683,-294.551239, 
220,1258882283,67.54113007,-61.18319702,-75.23822784,3.266721725,1.324548721,-0.571487188,-75.58982849,174.5282288,-299.8352661, 
221,1258898950,64.58783722,-55.18545151,-72.98435211,1.233004689,3.439374208,-1.538405538,-61.80840302,211.3917694,-301.5479431, 
222,1258915617,61.65254593,-49.07306671,-71.00971222,-0.813661158,5.708159924,0.142353445,-82.1127243,230.9764862,-295.7058716, 
223,1258932284,58.68050385,-42.84986115,-69.55703735,-1.653580308,5.314027786,0.868075252,-115.1618423,238.5796814,-295.0347595, 
224,1258948951,56.09183121,-36.38571548,-68.46795654,-2.078057289,3.650665998,0.004559172,-113.1405945,251.6459503,-300.6003113, 
225,1258965618,54.29966736,-29.73916245,-67.50850677,-3.965355158,5.511125088,1.00681591,-75.65162659,267.3916931,-300.7671814, 
226,1258982285,52.6538887,-23.19903183,-66.87028503,-5.7417202,7.89376688,3.901216507,-81.22193909,261.1166992,-295.5245972, 
227,1258998952,50.51609039,-17.00874138,-66.74811554,-5.916565895,7.754561901,6.497009277,-125.2460403,235.9768982,-286.9519043, 
228,1259015619,48.1124649,-11.20852566,-67.12708282,-5.034673214,5.425632,7.254897594,-149.1927032,209.700119,-278.1211548, 
229,1259032286,46.4515419,-5.614310265,-67.66792297,-4.080368996,3.978233337,6.333655357,-103.7855911,203.4607544,-267.9265442, 
230,1259048953,46.06768036,0.053130344,-68.17856598,-4.189399719,4.320124626,5.383733273,-23.8950386,212.2070007,-266.1472473, 
231,1259065620,46.49052429,5.794046879,-68.65228271,-5.506207943,7.095424652,4.925339699,27.43522453,216.6808929,-267.6690063, 
232,1259082287,46.72976685,11.48229504,-69.15205383,-6.427435398,8.570699692,5.016952515,19.4552021,211.9394989,-267.2830505, 
233,1259098954,46.46144485,17.09052849,-69.65396118,-7.0210886,9.242829323,4.838213444,-8.10273838,208.9393463,-263.2407837, 
234,1259115621,45.63317108,22.60099602,-70.16105652,-7.677855492,8.696228981,5.340036869,-38.84601974,207.6819,-256.4738464, 
235,1259132288,44.13928986,27.94003487,-70.81900787,-8.144874573,7.812288284,6.167488575,-72.29014587,200.4603271,-249.8503418, 
236,1259148955,41.82937622,33.12083054,-71.81092834,-8.50819397,6.771606922,6.638374805,-107.8711624,191.0187073,-247.867569, 
237,1259165622,39.0163002,38.1206398,-73.13031769,-9.537671089,5.992301941,6.697103024,-122.1824417,185.1072083,-241.9047852, 
238,1259182289,35.97678375,42.95423889,-74.77748108,-11.06921959,5.109580994,7.224185944,-117.6435242,182.7175903,-234.4902039, 
239,1259198956,32.54796219,47.52254105,-76.96704865,-12.08654594,4.306550503,7.823643208,-111.933548,172.6673279,-229.0802002, 
240,1259215623,28.30739975,51.67790222,-80.00114441,-12.34399605,3.72168231,8.060088158,-115.2424393,153.325882,-226.2724915, 
241,1259232290,23.11569023,55.34552002,-83.95066833,-12.38908863,3.009766817,7.714339256,-120.3786545,135.1350861,-220.6851349, 
242,1259248957,17.18494987,58.54750061,-88.77713013,-12.65272045,1.787106276,7.277641773,-112.4793549,123.8743362,-212.7206268, 
243,1259265624,10.77084541,61.34065247,-94.56813812,-13.11021614,0.59579891,6.966226578,-83.41962433,118.4440613,-207.6018982, 
244,1259282291,4.130070686,63.71949005,-101.2358322,-13.92104816,0.662278831,6.64912796,-42.77445221,115.4047089,-199.7160034, 
245,1259298958,-2.758235455,65.6151886,-108.5760727,-14.41688728,1.112558126,6.265294552,-14.50650406,109.2953033,-188.0171356, 
246,1259315625,-9.79934597,67.05767822,-116.1605759,-14.09562016,1.778846979,5.504686832,-4.943664074,103.8893204,-170.3731079, 
247,1259332292,-16.52770424,68.15642548,-123.2981491,-13.43993759,2.075986624,5.128864765,-7.06642437,99.32522583,-142.2575378, 
248,1259348959,-22.70380974,69.02138519,-129.6936646,-12.6844511,1.093182206,5.435664654,-12.69850922,93.99882507,-113.1031265, 
249,1259365626,-28.05271912,69.73993683,-135.2389984,-12.00609016,-0.029137943,5.938214302,-8.96257782,87.36956024,-86.09828186, 
250,1259382293,-32.39996719,70.3765564,-139.8647156,-11.44380188,-0.536002278,5.937508583,0.576594174,78.98686218,-61.38582611, 
251,1259398960,-35.87897873,70.94716644,-143.6730652,-10.85648537,-1.120198488,5.172861576,7.326230049,69.25817871,-42.33562469, 
252,1259415627,-38.55195236,71.48281097,-146.721283,-10.51152611,-1.304773211,4.469799042,13.18486118,59.77914047,-26.45151901, 
253,1259432294,-40.6621933,71.98097229,-149.2081604,-10.29535484,-1.435923696,3.924851179,15.45602036,51.49813461,-16.02408409, 
254,1259448961,-42.38948059,72.42974091,-151.2572021,-10.29415798,-1.1013906,3.595671177,12.35654831,43.29193497,-8.984592438, 
255,1259465628,-44.07660294,72.79951477,-153.0460205,-9.953794479,-1.092367649,3.157393694,0.120271415,36.42632294,-6.957172394, 
256,1259482295,-45.86178207,73.07872772,-154.7663574,-9.655453682,-1.670012236,3.075792074,-9.592367172,31.58500099,-8.434065819, 
257,1259498962,-47.72128296,73.26459503,-156.6074371,-9.474123001,-2.482281685,3.113990545,-7.065699577,29.30259514,-12.65024948, 
258,1259515629,-49.39255905,73.40335846,-158.4754791,-9.583647728,-2.511514425,3.156068563,5.852721214,28.00627518,-13.94437218, 
259,1259532296,-50.76746368,73.46711731,-160.2664795,-9.601345062,-2.843236446,3.315566063,19.18816185,24.38216972,-15.63738918, 
260,1259548963,-51.81135178,73.46432495,-162.0431519,-9.418627739,-3.254798889,3.177279234,38.12199783,22.01929283,-17.98925018, 
261,1259565630,-52.47930908,73.41396332,-163.8130341,-9.400050163,-3.0823946,3.03326726,60.295784,20.5653553,-19.83067322, 
262,1259582297,-52.72309875,73.34914398,-165.4104919,-9.4289217,-2.303173542,2.772645235,75.65388489,17.94665146,-18.55673981, 
263,1259598964,-52.76174927,73.26633453,-166.8186798,-9.481963158,-1.732034922,2.490375042,76.75950623,14.79940987,-17.40522194, 
264,1259615631,-52.80337524,73.16040039,-168.0807648,-9.551071167,-1.787030578,2.396722794,68.28955841,12.17584991,-17.09837151, 
265,1259632298,-52.94194794,73.01725769,-169.2559814,-9.579246521,-2.059119225,2.356244802,57.791008,9.953413963,-18.14322853, 
266,1259648965,-53.11872864,72.85359955,-170.3166199,-9.594244957,-1.98758471,2.276794672,49.02168274,7.895070553,-18.03909874, 
267,1259665632,-53.33963776,72.6635437,-171.2554016,-9.461021423,-2.019057989,2.075644493,39.73149109,5.611223698,-18.20218658, 
268,1259682299,-53.65074539,72.45527649,-172.1213684,-9.416632652,-2.046226263,1.921422243,30.52566528,4.334040165,-18.50318336, 
269,1259698966,-53.94680023,72.26114655,-172.8599548,-9.485022545,-2.202068567,1.773993492,24.64610863,3.43818903,-16.67696571, 
270,1259715633,-54.17793274,72.07779694,-173.4949646,-9.464531898,-2.605686188,1.739440918,22.67160797,2.513208151,-15.13755512, 
271,1259732300,-54.31545258,71.90215302,-174.0742645,-9.388689041,-2.787147522,1.783775687,24.99324608,2.062795162,-14.1956625, 
272,1259748967,-54.33163452,71.73960114,-174.5977173,-9.318602562,-2.885571241,1.739054918,29.59674263,1.985817552,-13.12560844, 
273,1259765634,-54.33799362,71.55425262,-175.1928711,-9.111833572,-3.239497185,1.617334723,34.06990433,2.302791357,-15.03233337, 
274,1259782301,-54.37163162,71.34133911,-175.8831482,-9.028535843,-3.09485364,1.628337145,38.13814163,3.045861959,-17.55862617, 
275,1259798968,-54.36413956,71.13279724,-176.5597839,-9.164017677,-2.659185648,1.666210294,40.08280563,3.225128174,-17.33753204, 
276,1259815635,-54.3039856,70.94148254,-177.1664886,-9.288173676,-2.402123213,1.642354846,39.33501053,2.866149426,-15.81306076, 
277,1259832302,-54.22528839,70.75959015,-177.7024384,-9.261471748,-2.497501373,1.596770167,36.64709854,2.239170313,-14.69202423, 
278,1259848969,-54.13211441,70.60420227,-178.1767578,-9.339819908,-2.654132843,1.58362174,33.9649086,2.215822458,-12.74710274, 
279,1259865636,-54.01439285,70.46549225,-178.5973663,-9.326482773,-2.880818605,1.636976719,32.38513947,1.96589148,-11.36360741, 
280,1259882303,-53.83315659,70.34725952,-178.9669495,-9.285757065,-2.853003263,1.726461768,33.3667717,1.896967649,-9.822946548, 
281,1259898970,-53.55964279,70.25587463,-179.2905273,-9.129244804,-2.801962137,1.709523797,36.34545898,2.110643625,-8.02162838, 
282,1259915637,-53.20132065,70.19049835,-179.5886993,-9.003238678,-2.824936867,1.708973527,39.95188141,2.579975605,-6.483161449, 
283,1259932304,-52.75811768,70.15738678,-179.8562622,-8.947382927,-2.763273001,1.75836277,43.27670288,3.193086147,-4.581809521, 
284,1259948971,-52.27307129,70.15010071,179.900177,-8.901415825,-2.758899927,1.719708562,44.31600571,3.661789417,-3.05525732, 
285,1259965638,-51.86972427,70.1349411,179.5962067,-8.873888969,-2.937513351,1.699922323,42.77703857,4.296129704,-4.202533245, 
286,1259982305,-51.54271698,70.10958099,179.2406464,-8.880218506,-2.895855427,1.737374067,41.08416748,4.702232361,-5.355865479, 
287,1259998972,-51.32455826,70.06787109,178.8014526,-8.81819725,-2.82828331,1.713713646,39.14994049,5.359878063,-7.173209667, 
288,1260015639,-51.20672989,70.02378082,178.2931061,-8.830653191,-2.637250423,1.712502003,36.99410629,6.348325729,-8.190484047, 
289,1260032306,-51.15133286,69.99382019,177.7644958,-8.923321724,-2.436584473,1.734674215,34.29579163,7.166701794,-7.789496899, 
290,1260048973,-51.17429352,69.97806549,177.2245941,-8.994784355,-2.497936964,1.76155746,30.17710114,7.867782116,-7.273931503, 
291,1260065640,-51.25579071,69.97455597,176.6752014,-8.990844727,-2.60803318,1.862810373,26.30868721,8.142868996,-6.563642979, 
292,1260082307,-51.39864731,69.98267365,176.11763,-8.946762085,-2.661881208,1.968261957,23.0883503,8.72495842,-6.111171722, 
293,1260098974,-51.62929535,69.98755646,175.5146179,-8.929831505,-2.734920263,2.051894903,20.38176727,9.358130455,-6.813215256, 
294,1260115641,-51.95097733,69.97145844,174.848053,-8.950660706,-2.738798857,2.127916336,18.49654579,9.645137787,-8.568678856, 
295,1260132308,-52.3169899,69.94260406,174.1559906,-9.003913879,-2.596438169,2.148054361,17.26786041,9.666370392,-9.439857483, 
296,1260148975,-52.66970444,69.91295624,173.5114594,-9.081097603,-2.452997684,2.172815561,15.37366676,8.94492054,-8.840222359, 
297,1260165642,-52.99260712,69.88825226,172.9481506,-9.097700119,-2.432749748,2.176557541,12.57530117,7.865544319,-7.560875416, 
298,1260182309,-53.24176788,69.88491058,172.5018463,-9.161389351,-2.561908007,2.218097925,10.40108776,6.757959843,-5.066412926, 
299,1260198976,-53.40644836,69.89389038,172.1552277,-9.179808617,-2.774534225,2.293006182,9.850795746,5.577392101,-3.23054409, 
300,1260215643,-53.45501709,69.91753387,171.8968964,-9.158203125,-2.819231749,2.330644369,11.84269905,4.651314259,-1.429010153, 
301,1260232310,-53.4171524,69.94944,171.6886597,-9.101476669,-2.816792488,2.318065643,14.20207977,4.120875359,-0.41912654, 
302,1260248977,-53.30434036,69.99121857,171.5228729,-9.081515312,-2.870266438,2.263925076,16.31058693,3.777486563,0.573987603, 
303,1260265644,-53.13483429,70.04202271,171.4046631,-9.054283142,-2.879821539,2.255712748,17.02993202,3.323923349,1.586906672, 
304,1260282311,-52.94755554,70.09399414,171.3221893,-9.031661987,-2.934854031,2.25800252,16.07780266,2.784198999,2.070205927, 
305,1260298978,-52.79021072,70.13301086,171.246048,-9.029713631,-3.009454727,2.2235322,13.92937374,2.224541187,1.52726078, 
306,1260315645,-52.68910217,70.1553421,171.1508331,-9.044740677,-2.981487036,2.226757765,11.63136387,1.932446837,0.494344443, 
307,1260332312,-52.64154434,70.16220856,171.03479,-9.044568062,-2.948373079,2.184672594,9.594002724,1.713176608,-0.495733976, 
308,1260348979,-52.64086533,70.15649414,170.9155884,-9.080974579,-2.875752449,2.17625308,6.963997364,1.310570002,-1.132568121, 
309,1260365646,-52.66801071,70.14452362,170.8096313,-9.086286545,-2.943456888,2.142042637,4.540396214,0.870889604,-1.267559886, 
310,1260382313,-52.70861053,70.12965393,170.7108154,-9.082893372,-3.043381691,2.12320447,3.33273077,0.655243278,-1.314622998, 
311,1260398980,-52.75191116,70.11096954,170.5964355,-9.089484215,-3.067416191,2.089304209,4.045718193,0.771685004,-1.684425712, 
312,1260415647,-52.77787399,70.09338379,170.4670258,-9.047286034,-3.050445318,2.02055192,5.940590858,1.063061595,-1.808487535, 
313,1260432314,-52.80905533,70.07266235,170.3127289,-9.08095932,-2.968256712,1.995474577,7.025802612,1.356276035,-2.261307478, 
314,1260448981,-52.84576035,70.05110931,170.160553,-9.091644287,-2.875660658,1.976941109,6.577335835,1.297353864,-2.271424294, 
315,1260465648,-52.93755341,70.02227783,169.9889221,-9.072497368,-2.857556343,1.994990587,4.368163586,1.356391072,-2.860144854, 
316,1260482315,-53.05749512,69.99240875,169.8235779,-9.053028107,-2.909704208,1.956041455,2.317673922,1.223422647,-2.835146666, 
317,1260498982,-53.20115662,69.95318604,169.6549835,-9.02172184,-2.962569237,1.939102054,1.080702305,0.953676164,-3.319534063, 
318,1260515649,-53.33292389,69.91997528,169.4972229,-8.986036301,-2.97438097,1.944832444,1.179554462,1.001776695,-2.896393061, 
319,1260532316,-53.44815826,69.8919754,169.3484497,-9.007195473,-2.973216534,1.94716084,1.667476416,1.049608469,-2.530099392, 
320,1260548983,-53.52551651,69.87597656,169.2312164,-9.047449112,-2.974627972,1.982517958,2.159060955,0.961577654,-1.56152308, 
321,1260565650,-53.56037521,69.86886597,169.1557922,-9.077651024,-2.950088024,2.01988554,2.355369568,0.586876571,-0.617118776, 
322,1260582317,-53.56489944,69.87667084,169.1166534,-9.099172592,-2.858581066,2.006775379,2.129318237,0.514527142,0.54729861, 
323,1260598984,-53.5315094,69.89768219,169.12883,-9.170321465,-2.891509295,2.030727625,1.512596488,0.134389848,1.811675906, 
324,1260615651,-53.46907425,69.91648102,169.1727753,-9.191200256,-3.015775204,2.098720551,1.470335245,-0.469339877,2.093953371, 
325,1260632318,-53.36675644,69.93962097,169.2281036,-9.104892731,-3.031784534,2.096457243,3.213798761,-0.502085805,2.439975023, 
326,1260648985,-53.22750473,69.96376801,169.2818909,-8.939401627,-3.014086008,2.107725382,5.524806976,-0.430178136,2.477164268, 
327,1260665652,-53.04757309,69.99460602,169.3406525,-8.779132843,-2.93940258,2.094781399,7.67833662,-0.26653862,2.857103586, 
328,1260682319,-52.86257553,70.03320313,169.4004974,-8.796999931,-2.839184761,2.113627672,7.928189278,0.013414655,3.250771046, 
329,1260698986,-52.68355179,70.07208252,169.4826813,-8.89907074,-2.772583723,2.164429665,6.303778648,-0.331223458,3.5330863, 
330,1260715653,-52.52182007,70.09989929,169.5852051,-8.921267509,-2.757583141,2.166580915,4.122562885,-1.047072887,3.259312391, 
331,1260732320,-52.36585617,70.11998749,169.7117462,-8.84545517,-2.706369877,2.13518095,2.417077065,-1.7074579,3.1865592, 
332,1260748987,-52.20814896,70.14420319,169.8631439,-8.863042831,-2.642697096,2.14274478,1.119006157,-1.945201397,3.689739943, 
333,1260765654,-52.02194977,70.17584991,170.0517883,-8.942090034,-2.625199556,2.177813053,0.725511789,-2.253917694,4.506868362, 
334,1260782321,-51.80398941,70.21533966,170.2675629,-9.001836777,-2.616298437,2.17467618,1.098074079,-2.376884222,5.213330746, 
335,1260798988,-51.53033066,70.26821136,170.522934,-9.032938957,-2.616528988,2.191615105,2.199317932,-2.478182554,6.337664127, 
336,1260815655,-51.21291733,70.33406067,170.8092346,-9.039843559,-2.581248283,2.205789328,3.072212219,-2.436908484,7.334461212, 
337,1260832322,-50.86965179,70.40972137,171.1295776,-9.020750046,-2.458805799,2.226487398,2.692222118,-2.542868137,8.214936256, 
338,1260848989,-50.54019547,70.49246979,171.4862518,-9.06283474,-2.38675189,2.205928564,-0.202097073,-2.770219088,8.994997025, 
339,1260865656,-50.22146606,70.58555603,171.9044495,-9.140645027,-2.346528769,2.21553731,-4.333017349,-3.248396397,10.24080181, 
340,1260882323,-49.90158081,70.67871857,172.3986053,-9.153840065,-2.409034014,2.229430914,-8.579900742,-4.318099499,11.19652843, 
341,1260898990,-49.5705986,70.77327728,172.9538879,-9.128726959,-2.47768116,2.233260393,-11.39105415,-5.093294621,12.02535915, 
342,1260915657,-49.22291946,70.8692627,173.5467834,-9.135613441,-2.57194829,2.231364727,-12.53804493,-5.489306927,12.56307507, 
343,1260932324,-48.82502747,70.97105408,174.1929779,-9.177711487,-2.605465412,2.247327566,-12.57044125,-5.930621147,13.50281429, 
344,1260948991,-48.38037872,71.07485962,174.881897,-9.188488007,-2.674623013,2.214268923,-12.20793152,-6.330974579,14.14095688, 
345,1260965658,-47.89231873,71.18637848,175.6027222,-9.211541176,-2.655058861,2.193217278,-11.44020367,-6.320077419,14.89958191, 
346,1260982325,-47.37128067,71.3020401,176.3435211,-9.23391819,-2.731323004,2.166174412,-10.61839199,-6.24955225,15.34516621, 
347,1260998992,-46.8503685,71.41437531,177.0799866,-9.205843925,-2.748196602,2.160357475,-10.40758133,-6.132494926,15.14174271, 
348,1261015659,-46.34239197,71.52732086,177.8101044,-9.177184105,-2.693883657,2.128059149,-10.84755421,-5.83086586,15.08791733, 
349,1261032326,-45.89675903,71.63541412,178.5161591,-9.179899216,-2.620254755,2.121910095,-13.240798,-5.528367519,14.5585022, 
350,1261048993,-45.54075623,71.73280334,179.1991119,-9.156243324,-2.622587204,2.130506516,-17.32798576,-5.522454262,13.78186798, 
351,1261065660,-45.27271271,71.81806183,179.8637238,-9.16496563,-2.583533764,2.164815664,-21.57710838,-5.675147057,13.01336193, 
352,1261082327,-45.07155228,71.89179993,-179.4851074,-9.121842384,-2.619920969,2.119278431,-24.84220886,-5.904345512,12.3337326, 
353,1261098994,-44.88951874,71.95764923,-178.8347473,-9.086466789,-2.658319473,2.090594292,-25.9516201,-6.156197071,11.98743916, 
354,1261115661,-44.69431305,72.02503204,-178.1842499,-9.098678589,-2.687378645,2.074902058,-25.18407631,-6.036635876,12.04470539, 
355,1261132328,-44.47470093,72.09752655,-177.5482025,-9.123193741,-2.757217169,2.023015022,-22.90652847,-5.561285496,12.07072353, 
356,1261148995,-44.24945068,72.17728424,-176.9567261,-9.221928596,-2.763580322,1.973788261,-20.03496552,-4.605870247,11.78438854, 
357,1261165662,-44.04547882,72.25775146,-176.4263916,-9.34526062,-2.744205236,1.941794395,-17.83005142,-3.726166964,11.00464821, 
358,1261182329,-43.88063431,72.34238434,-175.9515228,-9.471776009,-2.610424042,1.924848199,-17.01842117,-2.78948307,10.44040966, 
359,1261198996,-43.80107498,72.42221069,-175.5479126,-9.509049416,-2.573734283,1.852247238,-18.07511139,-2.065154791,9.287914276, 
360,1261215663,-43.82667542,72.49360657,-175.2250977,-9.529196739,-2.574710369,1.826146126,-19.76878929,-1.403200388,7.870244503, 
361,1261232330,-43.95337677,72.55690765,-174.9707642,-9.478067398,-2.636949062,1.77012074,-20.4081974,-0.602020979,6.197040558, 
362,1261248997,-44.19194031,72.59906769,-174.844574,-9.346173286,-2.739419699,1.688201904,-19.72174072,0.073566176,3.643277168, 
363,1261265664,-44.53355789,72.62378693,-174.8557587,-9.198149681,-2.684492588,1.641502142,-17.93652725,1.037398577,1.135597825, 
364,1261282331,-44.96891785,72.63537598,-174.9909058,-9.102597237,-2.588321924,1.541739464,-16.44523811,2.020837307,-0.97908479, 
365,1261298998,-45.51170349,72.62969971,-175.2497559,-9.134288788,-2.554600477,1.455095172,-15.78016567,2.863521576,-3.251714468, 
366,1261315665,-46.11944199,72.6033783,-175.5849304,-9.282671928,-2.526104689,1.41155982,-15.27796364,3.007618904,-5.065914631, 
367,1261332332,-46.77875137,72.55230713,-175.990036,-9.415132523,-2.561278582,1.293689132,-14.14864445,2.991495371,-7.032689095, 
368,1261348999,-47.46166992,72.47924042,-176.4655762,-9.49730587,-2.639199495,1.200343251,-11.49417591,3.120807648,-8.847101212, 
369,1261365666,-48.13815308,72.39824677,-177.0072937,-9.557627678,-2.60152626,1.139771938,-7.218687057,3.827244043,-10.01323891, 
370,1261382333,-48.78181458,72.32382965,-177.5852966,-9.598866463,-2.5744524,1.105756283,-3.140566587,4.724411488,-10.14066029, 
371,1261399000,-49.37314606,72.25887299,-178.1767731,-9.630277634,-2.629418612,1.126663566,0.725550354,5.397564888,-9.831310272, 
372,1261415667,-49.91453934,72.21014404,-178.7748108,-9.625092506,-2.63564539,1.168020487,4.030998707,6.213150501,-9.115921974, 
373,1261432334,-50.42400742,72.17550659,-179.3737335,-9.591832161,-2.687725544,1.241855621,6.125042915,6.883960247,-8.463438988, 
374,1261449001,-50.9231987,72.15709686,-179.9836273,-9.55035305,-2.763002396,1.263959408,7.507413387,7.758341312,-7.816808224, 
375,1261465668,-51.41785812,72.13974762,179.3939819,-9.436397552,-2.858317852,1.343148708,8.242741585,7.990187645,-7.773036957, 
376,1261482335,-51.93088913,72.11975098,178.7489014,-9.278331757,-2.93787837,1.384235978,8.437054634,8.285438538,-8.085205078, 
377,1261499002,-52.4787178,72.08853149,178.0776367,-9.206851959,-2.98659277,1.419845819,7.933404922,8.353965759,-8.852766037, 
378,1261515669,-53.07278824,72.03446198,177.357605,-9.163915634,-3.122574568,1.504625559,7.814715862,8.318722725,-10.37960625, 
379,1261532336,-53.67533112,71.95684052,176.6059723,-9.175005913,-3.227926493,1.604997158,9.146618843,8.102028847,-11.79313755, 
380,1261549003,-54.2740593,71.85397339,175.8161469,-9.19879818,-3.290464878,1.670320272,11.66805267,7.991665363,-13.40770149, 
381,1261565670,-54.82640839,71.73461914,175.0070343,-9.154456139,-3.269390583,1.687897325,15.41623878,7.896275043,-14.34536457, 
382,1261582337,-55.32759857,71.59941101,174.1539459,-9.122128487,-3.238995314,1.695390463,18.92576027,7.814727783,-15.07931995, 
383,1261599004,-55.78647995,71.46105957,173.3191681,-9.099212646,-3.175848722,1.726153851,22.30387115,8.07029438,-15.47972965, 
384,1261615671,-56.20772934,71.31171417,172.4443359,-9.126541138,-3.124700546,1.747024059,24.89117241,8.143974304,-15.99002075, 
385,1261632338,-56.61713791,71.15383148,171.551712,-9.156603813,-3.008220434,1.755999088,26.56600761,8.386864662,-16.6091938, 
386,1261649005,-57.03480148,70.98452759,170.6472931,-9.129052162,-2.926462889,1.738801479,26.69185448,8.457300186,-17.31860352, 
387,1261665672,-57.46328354,70.80762482,169.7445679,-9.135457039,-2.727777958,1.774919748,25.89100075,8.453593254,-17.69925499, 
388,1261682339,-57.90269852,70.63223267,168.875412,-9.096530914,-2.576879025,1.79400754,23.27915955,8.222623825,-17.28595352, 
389,1261699006,-58.36358643,70.45580292,168.0426483,-9.033968925,-2.522556305,1.822595239,19.87425613,7.850997925,-16.97442627, 
390,1261715673,-58.82220459,70.28535461,167.2441864,-9.023143768,-2.532501221,1.861626148,18.01897812,7.719883919,-16.32260132, 
391,1261732340,-59.25600433,70.12772369,166.4763947,-9.008450508,-2.492547989,1.916401505,17.73122978,7.836920738,-15.35343742, 
392,1261749007,-59.66955185,69.98524475,165.7391052,-9.050575256,-2.382777452,1.965452194,17.18053818,7.987431526,-14.26114082, 
393,1261765674,-60.06199265,69.85513306,165.0561218,-9.118414879,-2.353636265,2.022464991,15.34896564,7.593684196,-13.06267643, 
394,1261782341,-60.42769623,69.73757172,164.4439392,-9.119203568,-2.340084076,2.045465469,12.92817211,6.868917465,-11.68717861, 
395,1261799008,-60.7586174,69.63911438,163.9078674,-9.078780174,-2.34149456,2.055018425,10.70940208,6.197490692,-9.910869598, 
396,1261815675,-61.0317421,69.56591034,163.4615021,-9.012273788,-2.370027542,2.081943512,9.107886314,5.399549961,-7.682263851, 
397,1261832342,-61.23825455,69.52213287,163.1138,-8.983382225,-2.399013281,2.107565641,7.547097683,4.510916233,-5.141878605, 
398,1261849009,-61.39008331,69.5061264,162.8569794,-8.989089012,-2.510463953,2.123948097,5.708789349,3.674295664,-2.771998882, 
399,1261865676,-61.48703003,69.50375366,162.6868134,-9.02976799,-2.650937796,2.112896442,4.133288383,2.49032259,-1.187142253, 
400,1261882343,-61.53380203,69.50541687,162.5846558,-9.044131279,-2.731520891,2.112670422,3.316972256,1.362467527,-0.302223444, 
401,1261899010,-61.53249741,69.501297,162.5415192,-8.995913506,-2.801886082,2.085056782,2.882152081,0.117952876,-0.026918946, 
402,1261915677,-61.46836472,69.5005188,162.5584869,-8.966280937,-2.829942226,2.04456687,3.2710042,-0.885059595,0.743581474, 
